es	2018-10-25 17:40:57	213051585	SenadoGovCo	1055514565688131584	La pregunta es si vamos a mantener las cosas como est√°n o de verdad vamos a buscar un mecanismo para fortalecer la democracia, transparencia y fortalecimiento de los partidos pol√≠ticos: s. @PaolaHolguin sobre #ReformaPol√≠tica
es	2018-10-25 17:39:52	213051585	SenadoGovCo	1055514292815097859	No solamente es el tema de las lista cerrada como la posibilidad que si se establece lista cerrada los congresistas queden amarrados de por vida, el transfuguismo, todos esos temas deben estar en la mesa de la comisi√≥n propuesta por el senador √Ålvaro Uribe: s. @RoosveltRodri
en	2018-10-25 17:39:51	316291124	BWGovernment	1055514287937073152	RT @TireloRamasedi: "I am honoured to be sharing the stage with the 10 recipients of the #BotswanaInnovationFund #BIF", @SlumberTsogwane cc‚Ä¶
es	2018-10-25 17:38:17	213051585	SenadoGovCo	1055513892204527616	La lista cerrada ocupa los di√°logos de todos los congresistas desde el d√≠a de ayer, el tema recurrente es qu√© vamos a hacer con la lista cerrada, hay por el contrario muchisimas dudas: s. @RoosveltRodri #PlenariaSenado
es	2018-10-25 17:37:18	213051585	SenadoGovCo	1055513646011424769	Senador @zabaraing apoya  conformaci√≥n de subcomisi√≥n para poder votar art√≠culo sobre las listas en #ReformaPol√≠tica
es	2018-10-25 17:34:07	213051585	SenadoGovCo	1055512846363181056	En #PlenariaSenado los senadores deliberan sobre conformar una subcomisi√≥n para revisar los temas sin acuerdos en proyecto de #ReformaPol√≠tica
en	2018-10-25 17:33:47	316291124	BWGovernment	1055512760258387968	The BDF further requests the public to accord the family and friends of the deceased the respect and privacy they deserve to mourn their loved one.
en	2018-10-25 17:33:45	316291124	BWGovernment	1055512752230412288	A press release from the BDF says the name of the deceased is withheld pending notification of his next of kin and investigations surrounding circumstances which led to the attack were ongoing.
en	2018-10-25 17:31:45	316291124	BWGovernment	1055512251694804993	ELEPHANT KILLS SOLDIER |The Botswana Defence Force (BDF) has confirmed the death of a soldier who was attacked and killed by a herd of elephant in an unfortunate incident that took place  October 25 morning at one of the operational bases at around 0630hours. https://t.co/jyaX476may
es	2018-10-25 17:28:35	213051585	SenadoGovCo	1055511453657165824	RT @AnaPaolaAgudelo: #MocoaC√≥moVamos:Necesitamos que se aprueben los planes de ordenamiento territorial. La activaci√≥n de la econom√≠a e‚Ä¶
pt	2018-10-25 17:27:30	861707648584085504	governodobrasil	1055511178787594240	O @CulturaGovBr vai distribuir R$ 3 milh√µes a entidades que promovem feiras liter√°rias pelo Brasil. Ao todo, 17 projetos receber√£o os recursos financeiros. O aporte ser√° distribu√≠do aos selecionados em categorias. Saiba mais: https://t.co/bnZdKgI1Ni
es	2018-10-25 17:26:42	213051585	SenadoGovCo	1055510980757725184	RT @AntonioSanguino: Las 11 comunidades del pueblo Nasa (Paez) con asiento en Mocoa denuncian q fueron excluidos del PBOT y que los $450 mi‚Ä¶
pt	2018-10-25 17:17:20	861707648584085504	governodobrasil	1055508621172396033	Na pesquisa, os 20 aeroportos do Brasil foram divididos em tr√™s categorias, sendo a primeira a que recebe at√© 5 milh√µes de passageiros por ano, a segunda de 5 a 15 milh√µes e a terceira acima de 15 milh√µes. Saiba mais: https://t.co/Qwuo3pv10l
pt	2018-10-25 17:17:19	861707648584085504	governodobrasil	1055508619679141888	Passageiros brasileiros e estrangeiros entrevistados na terceira Pesquisa Permanente de Satisfa√ß√£o do Passageiro avaliaram Viracopos, Vit√≥ria e Gale√£o como os melhores aeroportos do Pa√≠s.
pt	2018-10-25 17:16:33	861707648584085504	governodobrasil	1055508423733923840	A iniciativa apoiou 15 projetos, que receber√£o financiamento de R$ 300 mil. Leia mais: https://t.co/GLsTOzzlRc https://t.co/z8wJ7CqlA8
pt	2018-10-25 17:16:32	861707648584085504	governodobrasil	1055508422140006400	As pe√ßas de artes pl√°sticas selecionadas em edital produzidas por artistas das periferias das cidades e do interior dos estados podem ser exibidas nos espa√ßos da Funarte.
es	2018-10-25 17:13:50	213051585	SenadoGovCo	1055507739017990146	Senador @AlvaroUribeVel propone que los ponentes se re√∫nan para definir una propuesta que de consenso sobre los tipos de listas cerradas o abiertas y su mecanismos de conformaci√≥n.  #ReformaPol√≠tica
es	2018-10-25 17:11:50	213051585	SenadoGovCo	1055507238775873539	#PlenariaSenado aprueba el orden del d√≠a y retoma la discusi√≥n del Proyecto de Acto Legislativo de Reforma Pol√≠tica y Electoral, sobre la conformaci√≥n de listas cerradas o abiertas para elecciones. #ReformaPol√≠tica https://t.co/OUuvyHnej2
es	2018-10-25 17:10:00	213051585	SenadoGovCo	1055506777230450688	Senador @RICHARDAGUILARV explica el prop√≥sito del proyecto de ley que busca m√°s oportunidades laborales y educativas para los j√≥venes colombianos. https://t.co/liHypM36nh
es	2018-10-25 17:05:11	213051585	SenadoGovCo	1055505563000430593	RT @AntonioSanguino: Las comunidades d los pueblos ind√≠genas d Mocoa denuncian que son desconocidos en el PBOT, ya q el enfoque diferencial‚Ä¶
es	2018-10-25 17:56:13	213051585	SenadoGovCo	1055518407800614918	Que no se vaya esta #ReformaPol√≠tica del Senado sin una discusi√≥n seria sobre la conformaci√≥n de las listas electorales. pide S. @RoyBarreras en #PlenariaSenado
es	2018-10-25 17:53:45	213051585	SenadoGovCo	1055517785902759937	RT @EdgarDiazPaLant: El Catatumbo no puede seguir siendo una tierra del olvido, requiere inversi√≥n transformadora #SOSCatatumbo https://t.c‚Ä¶
es	2018-10-25 17:53:35	213051585	SenadoGovCo	1055517744999923714	RT @AnaPaolaAgudelo: #MocoaC√≥moVamos: Somos aproximadamente 500.000 damnificados de los ind√≠genas, requerimos que se ajuste el presupuest‚Ä¶
es	2018-10-25 17:52:53	213051585	SenadoGovCo	1055517570307108864	En el punto de la audiencia p√∫blica #MocoaC√≥moVamos sobre el plan de atenci√≥n y reconstrucci√≥n con enfoque √©tnico. Los pueblos ind√≠genas exigen sean respetados sus derechos con respeto a la repartici√≥n de viviendas.
es	2018-10-25 17:51:32	213051585	SenadoGovCo	1055517227372474373	#PlenariaSenado busca llegar a un acuerdo sobre la conformaci√≥n de las listas en la #ReformaPol√≠tica https://t.co/P3dk88hU0y
es	2018-10-25 17:40:57	213051585	SenadoGovCo	1055514565688131584	La pregunta es si vamos a mantener las cosas como est√°n o de verdad vamos a buscar un mecanismo para fortalecer la democracia, transparencia y fortalecimiento de los partidos pol√≠ticos: s. @PaolaHolguin sobre #ReformaPol√≠tica
es	2018-10-25 17:39:52	213051585	SenadoGovCo	1055514292815097859	No solamente es el tema de las lista cerrada como la posibilidad que si se establece lista cerrada los congresistas queden amarrados de por vida, el transfuguismo, todos esos temas deben estar en la mesa de la comisi√≥n propuesta por el senador √Ålvaro Uribe: s. @RoosveltRodri
en	2018-10-25 17:39:51	316291124	BWGovernment	1055514287937073152	RT @TireloRamasedi: "I am honoured to be sharing the stage with the 10 recipients of the #BotswanaInnovationFund #BIF", @SlumberTsogwane cc‚Ä¶
es	2018-10-25 17:38:17	213051585	SenadoGovCo	1055513892204527616	La lista cerrada ocupa los di√°logos de todos los congresistas desde el d√≠a de ayer, el tema recurrente es qu√© vamos a hacer con la lista cerrada, hay por el contrario muchisimas dudas: s. @RoosveltRodri #PlenariaSenado
es	2018-10-25 17:37:18	213051585	SenadoGovCo	1055513646011424769	Senador @zabaraing apoya  conformaci√≥n de subcomisi√≥n para poder votar art√≠culo sobre las listas en #ReformaPol√≠tica
es	2018-10-25 17:34:07	213051585	SenadoGovCo	1055512846363181056	En #PlenariaSenado los senadores deliberan sobre conformar una subcomisi√≥n para revisar los temas sin acuerdos en proyecto de #ReformaPol√≠tica
en	2018-10-25 17:33:47	316291124	BWGovernment	1055512760258387968	The BDF further requests the public to accord the family and friends of the deceased the respect and privacy they deserve to mourn their loved one.
en	2018-10-25 17:33:45	316291124	BWGovernment	1055512752230412288	A press release from the BDF says the name of the deceased is withheld pending notification of his next of kin and investigations surrounding circumstances which led to the attack were ongoing.
en	2018-10-25 17:31:45	316291124	BWGovernment	1055512251694804993	ELEPHANT KILLS SOLDIER |The Botswana Defence Force (BDF) has confirmed the death of a soldier who was attacked and killed by a herd of elephant in an unfortunate incident that took place  October 25 morning at one of the operational bases at around 0630hours. https://t.co/jyaX476may
es	2018-10-25 17:28:35	213051585	SenadoGovCo	1055511453657165824	RT @AnaPaolaAgudelo: #MocoaC√≥moVamos:Necesitamos que se aprueben los planes de ordenamiento territorial. La activaci√≥n de la econom√≠a e‚Ä¶
pt	2018-10-25 17:27:30	861707648584085504	governodobrasil	1055511178787594240	O @CulturaGovBr vai distribuir R$ 3 milh√µes a entidades que promovem feiras liter√°rias pelo Brasil. Ao todo, 17 projetos receber√£o os recursos financeiros. O aporte ser√° distribu√≠do aos selecionados em categorias. Saiba mais: https://t.co/bnZdKgI1Ni
es	2018-10-25 17:26:42	213051585	SenadoGovCo	1055510980757725184	RT @AntonioSanguino: Las 11 comunidades del pueblo Nasa (Paez) con asiento en Mocoa denuncian q fueron excluidos del PBOT y que los $450 mi‚Ä¶
pt	2018-10-25 17:17:20	861707648584085504	governodobrasil	1055508621172396033	Na pesquisa, os 20 aeroportos do Brasil foram divididos em tr√™s categorias, sendo a primeira a que recebe at√© 5 milh√µes de passageiros por ano, a segunda de 5 a 15 milh√µes e a terceira acima de 15 milh√µes. Saiba mais: https://t.co/Qwuo3pv10l
pt	2018-10-25 17:17:19	861707648584085504	governodobrasil	1055508619679141888	Passageiros brasileiros e estrangeiros entrevistados na terceira Pesquisa Permanente de Satisfa√ß√£o do Passageiro avaliaram Viracopos, Vit√≥ria e Gale√£o como os melhores aeroportos do Pa√≠s.
pt	2018-10-25 17:16:33	861707648584085504	governodobrasil	1055508423733923840	A iniciativa apoiou 15 projetos, que receber√£o financiamento de R$ 300 mil. Leia mais: https://t.co/GLsTOzzlRc https://t.co/z8wJ7CqlA8
es	2018-10-25 18:14:39	213051585	SenadoGovCo	1055523044062646273	No estoy en contra del articulo, estoy en contra de la farsa de este proyecto de ley. Le pido a los colombianos que se apropien de los cambios pol√≠ticos de este pa√≠s. S. Jos√© AuloPolo Narv√°ez en discusi√≥n de la #ReformaPol√≠tica
es	2018-10-25 18:06:55	213051585	SenadoGovCo	1055521098580836353	Senador @JorgeLondonoU pide llegar aun consenso sobre el tema de las listas y considera que las listas cerradas no son la soluci√≥n a temas de corrupci√≥n. #PlenariaSenado discute #ReformaPol√≠tica
es	2018-10-25 18:03:52	262398126	CancilleriaCol	1055520331501314049	#Canciller√≠aEnFrontera El taller de fotoperiodismo brinda herramientas t√©cnicas y conceptuales para narrar historias de la zona; esta es una iniciativa enmarcada en el desarrollo de #Econom√≠aNaranja del Gobierno Nacional https://t.co/eZcRwsNrAH
es	2018-10-25 18:03:34	262398126	CancilleriaCol	1055520256507166720	#Canciller√≠aEnFrontera En el taller de fotoperiodismo que se realiza en Mit√∫ y que tiene un enfoque √©tnico-diferencial, participan 20 personas vinculadas a procesos de comunicaci√≥n comunitario. https://t.co/IZHAOM1fiN
es	2018-10-25 18:02:58	262398126	CancilleriaCol	1055520104010670083	Doris Hern√°ndez, de la etnia Tucana de Vaup√©s, agradece la realizaci√≥n del taller de fotoperiodismo en Mit√∫. https://t.co/hETW9CyD3S
en	2018-10-25 18:01:13	316291124	BWGovernment	1055519664166617099	The Botswana Defence Force (BDF) has confirmed the death of a soldier who was attacked and killed by a herd of elephant in an unfortunate incident that took place October 25 morning at one of the operational bases at around 0630hours.
en	2018-10-25 17:59:12	316291124	BWGovernment	1055519159390535680	ELEPHANT KILLS SOLDIER https://t.co/7rWwQBkj2Z
en	2018-10-25 17:57:16	822215679726100480	POTUS	1055518669340585984	RT @WhiteHouse: This afternoon, President @realDonaldTrump heads to @HHSGov to discuss his plan to drive down drug prices. https://t.co/b0r‚Ä¶
es	2018-10-25 17:56:13	213051585	SenadoGovCo	1055518407800614918	Que no se vaya esta #ReformaPol√≠tica del Senado sin una discusi√≥n seria sobre la conformaci√≥n de las listas electorales. pide S. @RoyBarreras en #PlenariaSenado
es	2018-10-25 17:53:45	213051585	SenadoGovCo	1055517785902759937	RT @EdgarDiazPaLant: El Catatumbo no puede seguir siendo una tierra del olvido, requiere inversi√≥n transformadora #SOSCatatumbo https://t.c‚Ä¶
es	2018-10-25 17:53:35	213051585	SenadoGovCo	1055517744999923714	RT @AnaPaolaAgudelo: #MocoaC√≥moVamos: Somos aproximadamente 500.000 damnificados de los ind√≠genas, requerimos que se ajuste el presupuest‚Ä¶
es	2018-10-25 17:52:53	213051585	SenadoGovCo	1055517570307108864	En el punto de la audiencia p√∫blica #MocoaC√≥moVamos sobre el plan de atenci√≥n y reconstrucci√≥n con enfoque √©tnico. Los pueblos ind√≠genas exigen sean respetados sus derechos con respeto a la repartici√≥n de viviendas.
es	2018-10-25 17:51:32	213051585	SenadoGovCo	1055517227372474373	#PlenariaSenado busca llegar a un acuerdo sobre la conformaci√≥n de las listas en la #ReformaPol√≠tica https://t.co/P3dk88hU0y
es	2018-10-25 17:40:57	213051585	SenadoGovCo	1055514565688131584	La pregunta es si vamos a mantener las cosas como est√°n o de verdad vamos a buscar un mecanismo para fortalecer la democracia, transparencia y fortalecimiento de los partidos pol√≠ticos: s. @PaolaHolguin sobre #ReformaPol√≠tica
es	2018-10-25 17:39:52	213051585	SenadoGovCo	1055514292815097859	No solamente es el tema de las lista cerrada como la posibilidad que si se establece lista cerrada los congresistas queden amarrados de por vida, el transfuguismo, todos esos temas deben estar en la mesa de la comisi√≥n propuesta por el senador √Ålvaro Uribe: s. @RoosveltRodri
en	2018-10-25 17:39:51	316291124	BWGovernment	1055514287937073152	RT @TireloRamasedi: "I am honoured to be sharing the stage with the 10 recipients of the #BotswanaInnovationFund #BIF", @SlumberTsogwane cc‚Ä¶
es	2018-10-25 17:38:17	213051585	SenadoGovCo	1055513892204527616	La lista cerrada ocupa los di√°logos de todos los congresistas desde el d√≠a de ayer, el tema recurrente es qu√© vamos a hacer con la lista cerrada, hay por el contrario muchisimas dudas: s. @RoosveltRodri #PlenariaSenado
es	2018-10-25 17:37:18	213051585	SenadoGovCo	1055513646011424769	Senador @zabaraing apoya  conformaci√≥n de subcomisi√≥n para poder votar art√≠culo sobre las listas en #ReformaPol√≠tica
es	2018-10-25 17:34:07	213051585	SenadoGovCo	1055512846363181056	En #PlenariaSenado los senadores deliberan sobre conformar una subcomisi√≥n para revisar los temas sin acuerdos en proyecto de #ReformaPol√≠tica
en	2018-10-25 17:33:47	316291124	BWGovernment	1055512760258387968	The BDF further requests the public to accord the family and friends of the deceased the respect and privacy they deserve to mourn their loved one.
es	2018-10-25 18:29:05	213051585	SenadoGovCo	1055526677869146112	RT @PaolaSenadora: #PlenariaSenado "Les dec√≠a que la √∫nica manera de evitar que la ciudadan√≠a sea una masa amorfa, circunstancial e imprede‚Ä¶
es	2018-10-25 18:28:49	213051585	SenadoGovCo	1055526612261847043	RT @JERobledo: El polo votar√° negativamente la lista cerrada porque lo democr√°tico es que cada partido abra o cierre su lista. Nada mejor q‚Ä¶
es	2018-10-25 18:25:11	213051585	SenadoGovCo	1055525697089953792	Senador @GermanVaronCo presenta proposici√≥n para que el orden de las listas cerradas sean definidas por una ley estatutaria. No pasemos el vicio del tema de recursos de las listas abiertas, a las cerradas.  #ReformaPol√≠tica
es	2018-10-25 18:14:39	213051585	SenadoGovCo	1055523044062646273	No estoy en contra del articulo, estoy en contra de la farsa de este proyecto de ley. Le pido a los colombianos que se apropien de los cambios pol√≠ticos de este pa√≠s. S. Jos√© AuloPolo Narv√°ez en discusi√≥n de la #ReformaPol√≠tica
es	2018-10-25 18:06:55	213051585	SenadoGovCo	1055521098580836353	Senador @JorgeLondonoU pide llegar aun consenso sobre el tema de las listas y considera que las listas cerradas no son la soluci√≥n a temas de corrupci√≥n. #PlenariaSenado discute #ReformaPol√≠tica
es	2018-10-25 18:03:52	262398126	CancilleriaCol	1055520331501314049	#Canciller√≠aEnFrontera El taller de fotoperiodismo brinda herramientas t√©cnicas y conceptuales para narrar historias de la zona; esta es una iniciativa enmarcada en el desarrollo de #Econom√≠aNaranja del Gobierno Nacional https://t.co/eZcRwsNrAH
es	2018-10-25 18:03:34	262398126	CancilleriaCol	1055520256507166720	#Canciller√≠aEnFrontera En el taller de fotoperiodismo que se realiza en Mit√∫ y que tiene un enfoque √©tnico-diferencial, participan 20 personas vinculadas a procesos de comunicaci√≥n comunitario. https://t.co/IZHAOM1fiN
es	2018-10-25 18:02:58	262398126	CancilleriaCol	1055520104010670083	Doris Hern√°ndez, de la etnia Tucana de Vaup√©s, agradece la realizaci√≥n del taller de fotoperiodismo en Mit√∫. https://t.co/hETW9CyD3S
en	2018-10-25 18:01:13	316291124	BWGovernment	1055519664166617099	The Botswana Defence Force (BDF) has confirmed the death of a soldier who was attacked and killed by a herd of elephant in an unfortunate incident that took place October 25 morning at one of the operational bases at around 0630hours.
en	2018-10-25 17:59:12	316291124	BWGovernment	1055519159390535680	ELEPHANT KILLS SOLDIER https://t.co/7rWwQBkj2Z
en	2018-10-25 17:57:16	822215679726100480	POTUS	1055518669340585984	RT @WhiteHouse: This afternoon, President @realDonaldTrump heads to @HHSGov to discuss his plan to drive down drug prices. https://t.co/b0r‚Ä¶
es	2018-10-25 17:56:13	213051585	SenadoGovCo	1055518407800614918	Que no se vaya esta #ReformaPol√≠tica del Senado sin una discusi√≥n seria sobre la conformaci√≥n de las listas electorales. pide S. @RoyBarreras en #PlenariaSenado
es	2018-10-25 17:53:45	213051585	SenadoGovCo	1055517785902759937	RT @EdgarDiazPaLant: El Catatumbo no puede seguir siendo una tierra del olvido, requiere inversi√≥n transformadora #SOSCatatumbo https://t.c‚Ä¶
es	2018-10-25 17:53:35	213051585	SenadoGovCo	1055517744999923714	RT @AnaPaolaAgudelo: #MocoaC√≥moVamos: Somos aproximadamente 500.000 damnificados de los ind√≠genas, requerimos que se ajuste el presupuest‚Ä¶
es	2018-10-25 17:52:53	213051585	SenadoGovCo	1055517570307108864	En el punto de la audiencia p√∫blica #MocoaC√≥moVamos sobre el plan de atenci√≥n y reconstrucci√≥n con enfoque √©tnico. Los pueblos ind√≠genas exigen sean respetados sus derechos con respeto a la repartici√≥n de viviendas.
es	2018-10-25 17:51:32	213051585	SenadoGovCo	1055517227372474373	#PlenariaSenado busca llegar a un acuerdo sobre la conformaci√≥n de las listas en la #ReformaPol√≠tica https://t.co/P3dk88hU0y
es	2018-10-25 17:40:57	213051585	SenadoGovCo	1055514565688131584	La pregunta es si vamos a mantener las cosas como est√°n o de verdad vamos a buscar un mecanismo para fortalecer la democracia, transparencia y fortalecimiento de los partidos pol√≠ticos: s. @PaolaHolguin sobre #ReformaPol√≠tica
es	2018-10-25 17:39:52	213051585	SenadoGovCo	1055514292815097859	No solamente es el tema de las lista cerrada como la posibilidad que si se establece lista cerrada los congresistas queden amarrados de por vida, el transfuguismo, todos esos temas deben estar en la mesa de la comisi√≥n propuesta por el senador √Ålvaro Uribe: s. @RoosveltRodri
en	2018-10-25 17:39:51	316291124	BWGovernment	1055514287937073152	RT @TireloRamasedi: "I am honoured to be sharing the stage with the 10 recipients of the #BotswanaInnovationFund #BIF", @SlumberTsogwane cc‚Ä¶
es	2018-10-25 17:38:17	213051585	SenadoGovCo	1055513892204527616	La lista cerrada ocupa los di√°logos de todos los congresistas desde el d√≠a de ayer, el tema recurrente es qu√© vamos a hacer con la lista cerrada, hay por el contrario muchisimas dudas: s. @RoosveltRodri #PlenariaSenado
es	2018-10-25 18:36:33	42102939	GobiernodeChile	1055528558364426240	Una educaci√≥n de calidad no es posible sin espacios seguros para ense√±ar y aprender. La aprobaci√≥n del Proyecto de Ley #AulaSegura es un nuevo paso hacia una educaci√≥n libre de violencia üí™üèª https://t.co/cTvWfDGnSY
es	2018-10-25 18:36:19	213051585	SenadoGovCo	1055528497253437445	RT @PalomaValenciaL: Mi compromiso es con la justicia imparcial y con presunci√≥n de inocencia para los miembros de la Fuerza P√∫blica Segui‚Ä¶
es	2018-10-25 18:31:51	213051585	SenadoGovCo	1055527374677258241	RT @AnaPaolaAgudelo: #AudienciaPublica #MocoaC√≥moVamos: Con la Comisi√≥n Segunda @SenadoGovCo escuchamos las principales problem√°ticas, para‚Ä¶
es	2018-10-25 18:31:31	213051585	SenadoGovCo	1055527292364034049	RT @PaolaSenadora: #PlenariaSenado "Yo quiero estar al frente de lo que es el tema neur√°lgico de la #ReformaPol√≠tica y es si vamos a manten‚Ä¶
es	2018-10-25 18:29:05	213051585	SenadoGovCo	1055526677869146112	RT @PaolaSenadora: #PlenariaSenado "Les dec√≠a que la √∫nica manera de evitar que la ciudadan√≠a sea una masa amorfa, circunstancial e imprede‚Ä¶
es	2018-10-25 18:28:49	213051585	SenadoGovCo	1055526612261847043	RT @JERobledo: El polo votar√° negativamente la lista cerrada porque lo democr√°tico es que cada partido abra o cierre su lista. Nada mejor q‚Ä¶
es	2018-10-25 18:25:11	213051585	SenadoGovCo	1055525697089953792	Senador @GermanVaronCo presenta proposici√≥n para que el orden de las listas cerradas sean definidas por una ley estatutaria. No pasemos el vicio del tema de recursos de las listas abiertas, a las cerradas.  #ReformaPol√≠tica
es	2018-10-25 18:14:39	213051585	SenadoGovCo	1055523044062646273	No estoy en contra del articulo, estoy en contra de la farsa de este proyecto de ley. Le pido a los colombianos que se apropien de los cambios pol√≠ticos de este pa√≠s. S. Jos√© AuloPolo Narv√°ez en discusi√≥n de la #ReformaPol√≠tica
es	2018-10-25 18:06:55	213051585	SenadoGovCo	1055521098580836353	Senador @JorgeLondonoU pide llegar aun consenso sobre el tema de las listas y considera que las listas cerradas no son la soluci√≥n a temas de corrupci√≥n. #PlenariaSenado discute #ReformaPol√≠tica
es	2018-10-25 18:03:52	262398126	CancilleriaCol	1055520331501314049	#Canciller√≠aEnFrontera El taller de fotoperiodismo brinda herramientas t√©cnicas y conceptuales para narrar historias de la zona; esta es una iniciativa enmarcada en el desarrollo de #Econom√≠aNaranja del Gobierno Nacional https://t.co/eZcRwsNrAH
es	2018-10-25 18:03:34	262398126	CancilleriaCol	1055520256507166720	#Canciller√≠aEnFrontera En el taller de fotoperiodismo que se realiza en Mit√∫ y que tiene un enfoque √©tnico-diferencial, participan 20 personas vinculadas a procesos de comunicaci√≥n comunitario. https://t.co/IZHAOM1fiN
es	2018-10-25 18:02:58	262398126	CancilleriaCol	1055520104010670083	Doris Hern√°ndez, de la etnia Tucana de Vaup√©s, agradece la realizaci√≥n del taller de fotoperiodismo en Mit√∫. https://t.co/hETW9CyD3S
en	2018-10-25 18:01:13	316291124	BWGovernment	1055519664166617099	The Botswana Defence Force (BDF) has confirmed the death of a soldier who was attacked and killed by a herd of elephant in an unfortunate incident that took place October 25 morning at one of the operational bases at around 0630hours.
en	2018-10-25 17:59:12	316291124	BWGovernment	1055519159390535680	ELEPHANT KILLS SOLDIER https://t.co/7rWwQBkj2Z
en	2018-10-25 17:57:16	822215679726100480	POTUS	1055518669340585984	RT @WhiteHouse: This afternoon, President @realDonaldTrump heads to @HHSGov to discuss his plan to drive down drug prices. https://t.co/b0r‚Ä¶
es	2018-10-25 17:56:13	213051585	SenadoGovCo	1055518407800614918	Que no se vaya esta #ReformaPol√≠tica del Senado sin una discusi√≥n seria sobre la conformaci√≥n de las listas electorales. pide S. @RoyBarreras en #PlenariaSenado
es	2018-10-25 17:53:45	213051585	SenadoGovCo	1055517785902759937	RT @EdgarDiazPaLant: El Catatumbo no puede seguir siendo una tierra del olvido, requiere inversi√≥n transformadora #SOSCatatumbo https://t.c‚Ä¶
es	2018-10-25 17:53:35	213051585	SenadoGovCo	1055517744999923714	RT @AnaPaolaAgudelo: #MocoaC√≥moVamos: Somos aproximadamente 500.000 damnificados de los ind√≠genas, requerimos que se ajuste el presupuest‚Ä¶
es	2018-10-25 17:52:53	213051585	SenadoGovCo	1055517570307108864	En el punto de la audiencia p√∫blica #MocoaC√≥moVamos sobre el plan de atenci√≥n y reconstrucci√≥n con enfoque √©tnico. Los pueblos ind√≠genas exigen sean respetados sus derechos con respeto a la repartici√≥n de viviendas.
en	2018-10-25 18:55:43	316291124	BWGovernment	1055533382816460800	RT @MichelSidibe: H.E. Dr Mokgweetsi E.K. Masisi @OfficialMasisi:#Botswana üáßüáºstands ready to sprint the last mile to #EndAIDS as a public‚Ä¶
es	2018-10-25 18:51:26	213051585	SenadoGovCo	1055532301029916672	Senador @AGarciaZuccardi propone se realice un peque√±o experimento con la lista cerrada aplic√°ndola en votaciones de municipios y seg√∫n su resultado a nivel nacional. #ReformaPol√≠tica en #PlenariaSenado
es	2018-10-25 18:51:21	213051585	SenadoGovCo	1055532280268181504	RT @CastillaSenador: En la #Comisi√≥nVII del @SenadoGovCo tendremos este lunes el encuentro para hablar sobre las iniciativas legislativas p‚Ä¶
en	2018-10-25 18:42:33	822215679726100480	POTUS	1055530067441446912	RT @realDonaldTrump: Spoke with French President @EmmanuelMacron this morning. Discussed many topics including the very exciting upcoming v‚Ä¶
es	2018-10-25 18:36:33	42102939	GobiernodeChile	1055528558364426240	Una educaci√≥n de calidad no es posible sin espacios seguros para ense√±ar y aprender. La aprobaci√≥n del Proyecto de Ley #AulaSegura es un nuevo paso hacia una educaci√≥n libre de violencia üí™üèª https://t.co/cTvWfDGnSY
es	2018-10-25 18:36:19	213051585	SenadoGovCo	1055528497253437445	RT @PalomaValenciaL: Mi compromiso es con la justicia imparcial y con presunci√≥n de inocencia para los miembros de la Fuerza P√∫blica Segui‚Ä¶
es	2018-10-25 18:31:51	213051585	SenadoGovCo	1055527374677258241	RT @AnaPaolaAgudelo: #AudienciaPublica #MocoaC√≥moVamos: Con la Comisi√≥n Segunda @SenadoGovCo escuchamos las principales problem√°ticas, para‚Ä¶
es	2018-10-25 18:31:31	213051585	SenadoGovCo	1055527292364034049	RT @PaolaSenadora: #PlenariaSenado "Yo quiero estar al frente de lo que es el tema neur√°lgico de la #ReformaPol√≠tica y es si vamos a manten‚Ä¶
es	2018-10-25 18:29:05	213051585	SenadoGovCo	1055526677869146112	RT @PaolaSenadora: #PlenariaSenado "Les dec√≠a que la √∫nica manera de evitar que la ciudadan√≠a sea una masa amorfa, circunstancial e imprede‚Ä¶
es	2018-10-25 18:28:49	213051585	SenadoGovCo	1055526612261847043	RT @JERobledo: El polo votar√° negativamente la lista cerrada porque lo democr√°tico es que cada partido abra o cierre su lista. Nada mejor q‚Ä¶
es	2018-10-25 18:25:11	213051585	SenadoGovCo	1055525697089953792	Senador @GermanVaronCo presenta proposici√≥n para que el orden de las listas cerradas sean definidas por una ley estatutaria. No pasemos el vicio del tema de recursos de las listas abiertas, a las cerradas.  #ReformaPol√≠tica
es	2018-10-25 18:14:39	213051585	SenadoGovCo	1055523044062646273	No estoy en contra del articulo, estoy en contra de la farsa de este proyecto de ley. Le pido a los colombianos que se apropien de los cambios pol√≠ticos de este pa√≠s. S. Jos√© AuloPolo Narv√°ez en discusi√≥n de la #ReformaPol√≠tica
es	2018-10-25 18:06:55	213051585	SenadoGovCo	1055521098580836353	Senador @JorgeLondonoU pide llegar aun consenso sobre el tema de las listas y considera que las listas cerradas no son la soluci√≥n a temas de corrupci√≥n. #PlenariaSenado discute #ReformaPol√≠tica
es	2018-10-25 18:03:52	262398126	CancilleriaCol	1055520331501314049	#Canciller√≠aEnFrontera El taller de fotoperiodismo brinda herramientas t√©cnicas y conceptuales para narrar historias de la zona; esta es una iniciativa enmarcada en el desarrollo de #Econom√≠aNaranja del Gobierno Nacional https://t.co/eZcRwsNrAH
es	2018-10-25 18:03:34	262398126	CancilleriaCol	1055520256507166720	#Canciller√≠aEnFrontera En el taller de fotoperiodismo que se realiza en Mit√∫ y que tiene un enfoque √©tnico-diferencial, participan 20 personas vinculadas a procesos de comunicaci√≥n comunitario. https://t.co/IZHAOM1fiN
es	2018-10-25 18:02:58	262398126	CancilleriaCol	1055520104010670083	Doris Hern√°ndez, de la etnia Tucana de Vaup√©s, agradece la realizaci√≥n del taller de fotoperiodismo en Mit√∫. https://t.co/hETW9CyD3S
en	2018-10-25 18:01:13	316291124	BWGovernment	1055519664166617099	The Botswana Defence Force (BDF) has confirmed the death of a soldier who was attacked and killed by a herd of elephant in an unfortunate incident that took place October 25 morning at one of the operational bases at around 0630hours.
en	2018-10-25 17:59:12	316291124	BWGovernment	1055519159390535680	ELEPHANT KILLS SOLDIER https://t.co/7rWwQBkj2Z
en	2018-10-25 17:57:16	822215679726100480	POTUS	1055518669340585984	RT @WhiteHouse: This afternoon, President @realDonaldTrump heads to @HHSGov to discuss his plan to drive down drug prices. https://t.co/b0r‚Ä¶
ar	2018-10-25 19:12:04	575765924	BahrainCPnews	1055537497361600514	ÿ≥ŸÖŸà ŸàŸÑŸä ÿßŸÑÿπŸáÿØ ÿßŸÑÿ£ŸÖŸäÿ± #ÿ≥ŸÑŸÖÿßŸÜ_ÿ®ŸÜ_ÿ≠ŸÖÿØ: ÿÆÿßŸÑÿµ ÿßŸÑÿπÿ≤ÿßÿ° ŸàÿßŸÑŸÖŸàÿßÿ≥ÿßÿ© ŸÑÿ£ÿÆŸä ÿ¨ŸÑÿßŸÑÿ© ÿßŸÑŸÖŸÑŸÉ ÿπÿ®ÿØÿßŸÑŸÑŸá ÿßŸÑÿ´ÿßŸÜŸä ŸàÿßŸÑÿ¥ÿπÿ® ÿßŸÑÿ£ÿ±ÿØŸÜŸä ÿßŸÑÿ¥ŸÇŸäŸÇ ŸÅŸä ŸÖÿµÿßÿ®ŸáŸÖ ÿßŸÑÿ£ŸÑŸäŸÖ. ŸÜÿ≥ÿ£ŸÑ ÿßŸÑŸÑŸá ÿßŸÑÿ±ÿ≠ŸÖÿ© ŸÑÿ∂ÿ≠ÿßŸäÿß ÿßŸÑÿ≥ŸäŸàŸÑ ŸàŸÑÿ£ŸáŸÑŸáŸÖ ÿßŸÑÿµÿ®ÿ± ŸàÿßŸÑÿ≥ŸÑŸàÿßŸÜ #ÿßŸÑÿ£ÿ±ÿØŸÜ #ÿßŸÑÿ®ÿ≠ÿ±ŸäŸÜ https://t.co/lhduIYnVHQ
es	2018-10-25 19:11:39	213051585	SenadoGovCo	1055537391283396608	En art. 7 de la #ReformaPol√≠tica en el 2023 todas las listas deben ser paritarias e intercaladas.
es	2018-10-25 19:10:41	213051585	SenadoGovCo	1055537145228738560	En art. 7 de la #ReformaPol√≠tica desde la elecci√≥n de 2019 se deber√° garantizar la participaci√≥n del 33% de mujeres en las listas. #PlenariaSenado
es	2018-10-25 19:09:16	213051585	SenadoGovCo	1055536790403211266	#PlenariaSenado vota proposici√≥n modificatoria del art. 7 sobre la conformaci√≥n de las listas electorales, presentada por la @MinInterior que plantea: 3-el mecanismo de recolecci√≥n de firmas no podr√° ser utilizado por quienes hayan militado en un partido el a√±o anterior.
es	2018-10-25 19:07:45	213051585	SenadoGovCo	1055536409119985664	#PlenariaSenado vota proposici√≥n modificatoria del art. 7 sobre la conformaci√≥n de las listas electorales, presentada por la @MinInterior que plantea: 2-Se realizar√°n en la misma fecha las primarias (consultas internas) de los partidos.
es	2018-10-25 19:06:03	213051585	SenadoGovCo	1055535982022410240	#PlenariaSenado vota proposici√≥n modificatoria del art. 7 sobre la conformaci√≥n de las listas electorales, presentada por la @MinInterior que plantea: 1-Los partidos y movimientos podr√°n inscribir candidatos en forma individual o coalici√≥n para las elecciones.
en	2018-10-25 19:05:40	822215679726100480	POTUS	1055535883779276800	RT @WhiteHouse: Thanks to a new law signed by President Trump, patients now have the right to know the lowest price for medicines at their‚Ä¶
en	2018-10-25 19:05:37	822215679726100480	POTUS	1055535871166988289	RT @WhiteHouse: Since the day President @realDonaldTrump took office, he has made reducing drug prices one of his top priorities. Now, the‚Ä¶
en	2018-10-25 18:55:43	316291124	BWGovernment	1055533382816460800	RT @MichelSidibe: H.E. Dr Mokgweetsi E.K. Masisi @OfficialMasisi:#Botswana üáßüáºstands ready to sprint the last mile to #EndAIDS as a public‚Ä¶
es	2018-10-25 18:51:26	213051585	SenadoGovCo	1055532301029916672	Senador @AGarciaZuccardi propone se realice un peque√±o experimento con la lista cerrada aplic√°ndola en votaciones de municipios y seg√∫n su resultado a nivel nacional. #ReformaPol√≠tica en #PlenariaSenado
es	2018-10-25 18:51:21	213051585	SenadoGovCo	1055532280268181504	RT @CastillaSenador: En la #Comisi√≥nVII del @SenadoGovCo tendremos este lunes el encuentro para hablar sobre las iniciativas legislativas p‚Ä¶
en	2018-10-25 18:42:33	822215679726100480	POTUS	1055530067441446912	RT @realDonaldTrump: Spoke with French President @EmmanuelMacron this morning. Discussed many topics including the very exciting upcoming v‚Ä¶
es	2018-10-25 18:36:33	42102939	GobiernodeChile	1055528558364426240	Una educaci√≥n de calidad no es posible sin espacios seguros para ense√±ar y aprender. La aprobaci√≥n del Proyecto de Ley #AulaSegura es un nuevo paso hacia una educaci√≥n libre de violencia üí™üèª https://t.co/cTvWfDGnSY
es	2018-10-25 18:36:19	213051585	SenadoGovCo	1055528497253437445	RT @PalomaValenciaL: Mi compromiso es con la justicia imparcial y con presunci√≥n de inocencia para los miembros de la Fuerza P√∫blica Segui‚Ä¶
es	2018-10-25 18:31:51	213051585	SenadoGovCo	1055527374677258241	RT @AnaPaolaAgudelo: #AudienciaPublica #MocoaC√≥moVamos: Con la Comisi√≥n Segunda @SenadoGovCo escuchamos las principales problem√°ticas, para‚Ä¶
es	2018-10-25 18:31:31	213051585	SenadoGovCo	1055527292364034049	RT @PaolaSenadora: #PlenariaSenado "Yo quiero estar al frente de lo que es el tema neur√°lgico de la #ReformaPol√≠tica y es si vamos a manten‚Ä¶
es	2018-10-25 18:29:05	213051585	SenadoGovCo	1055526677869146112	RT @PaolaSenadora: #PlenariaSenado "Les dec√≠a que la √∫nica manera de evitar que la ciudadan√≠a sea una masa amorfa, circunstancial e imprede‚Ä¶
es	2018-10-25 18:28:49	213051585	SenadoGovCo	1055526612261847043	RT @JERobledo: El polo votar√° negativamente la lista cerrada porque lo democr√°tico es que cada partido abra o cierre su lista. Nada mejor q‚Ä¶
es	2018-10-25 18:25:11	213051585	SenadoGovCo	1055525697089953792	Senador @GermanVaronCo presenta proposici√≥n para que el orden de las listas cerradas sean definidas por una ley estatutaria. No pasemos el vicio del tema de recursos de las listas abiertas, a las cerradas.  #ReformaPol√≠tica
es	2018-10-25 19:18:40	213051585	SenadoGovCo	1055539155512541184	RT @claudiacaste: En nuestro tercer d√≠a de debate en plenaria  de @SenadoGovCo  sobre reforma pol√≠tica estamos analizando la mejor alternat‚Ä¶
es	2018-10-25 19:16:39	213051585	SenadoGovCo	1055538650333745154	RT @charoguerra: Es maravilloso hacer pol√≠tica cuando hay orgullo de un partido que tiene principios y propuestas para el pueblo colombiano‚Ä¶
es	2018-10-25 19:16:06	213051585	SenadoGovCo	1055538511892353024	En #PlenariaSenado se suspende la votaci√≥n de la proposici√≥n modificatoria del art. 7 sobre la conformaci√≥n de las listas electorales, presentada por la @MinInterior
ar	2018-10-25 19:12:04	575765924	BahrainCPnews	1055537497361600514	ÿ≥ŸÖŸà ŸàŸÑŸä ÿßŸÑÿπŸáÿØ ÿßŸÑÿ£ŸÖŸäÿ± #ÿ≥ŸÑŸÖÿßŸÜ_ÿ®ŸÜ_ÿ≠ŸÖÿØ: ÿÆÿßŸÑÿµ ÿßŸÑÿπÿ≤ÿßÿ° ŸàÿßŸÑŸÖŸàÿßÿ≥ÿßÿ© ŸÑÿ£ÿÆŸä ÿ¨ŸÑÿßŸÑÿ© ÿßŸÑŸÖŸÑŸÉ ÿπÿ®ÿØÿßŸÑŸÑŸá ÿßŸÑÿ´ÿßŸÜŸä ŸàÿßŸÑÿ¥ÿπÿ® ÿßŸÑÿ£ÿ±ÿØŸÜŸä ÿßŸÑÿ¥ŸÇŸäŸÇ ŸÅŸä ŸÖÿµÿßÿ®ŸáŸÖ ÿßŸÑÿ£ŸÑŸäŸÖ. ŸÜÿ≥ÿ£ŸÑ ÿßŸÑŸÑŸá ÿßŸÑÿ±ÿ≠ŸÖÿ© ŸÑÿ∂ÿ≠ÿßŸäÿß ÿßŸÑÿ≥ŸäŸàŸÑ ŸàŸÑÿ£ŸáŸÑŸáŸÖ ÿßŸÑÿµÿ®ÿ± ŸàÿßŸÑÿ≥ŸÑŸàÿßŸÜ #ÿßŸÑÿ£ÿ±ÿØŸÜ #ÿßŸÑÿ®ÿ≠ÿ±ŸäŸÜ https://t.co/lhduIYnVHQ
es	2018-10-25 19:11:39	213051585	SenadoGovCo	1055537391283396608	En art. 7 de la #ReformaPol√≠tica en el 2023 todas las listas deben ser paritarias e intercaladas.
es	2018-10-25 19:10:41	213051585	SenadoGovCo	1055537145228738560	En art. 7 de la #ReformaPol√≠tica desde la elecci√≥n de 2019 se deber√° garantizar la participaci√≥n del 33% de mujeres en las listas. #PlenariaSenado
es	2018-10-25 19:09:16	213051585	SenadoGovCo	1055536790403211266	#PlenariaSenado vota proposici√≥n modificatoria del art. 7 sobre la conformaci√≥n de las listas electorales, presentada por la @MinInterior que plantea: 3-el mecanismo de recolecci√≥n de firmas no podr√° ser utilizado por quienes hayan militado en un partido el a√±o anterior.
es	2018-10-25 19:07:45	213051585	SenadoGovCo	1055536409119985664	#PlenariaSenado vota proposici√≥n modificatoria del art. 7 sobre la conformaci√≥n de las listas electorales, presentada por la @MinInterior que plantea: 2-Se realizar√°n en la misma fecha las primarias (consultas internas) de los partidos.
es	2018-10-25 19:06:03	213051585	SenadoGovCo	1055535982022410240	#PlenariaSenado vota proposici√≥n modificatoria del art. 7 sobre la conformaci√≥n de las listas electorales, presentada por la @MinInterior que plantea: 1-Los partidos y movimientos podr√°n inscribir candidatos en forma individual o coalici√≥n para las elecciones.
en	2018-10-25 19:05:40	822215679726100480	POTUS	1055535883779276800	RT @WhiteHouse: Thanks to a new law signed by President Trump, patients now have the right to know the lowest price for medicines at their‚Ä¶
en	2018-10-25 19:05:37	822215679726100480	POTUS	1055535871166988289	RT @WhiteHouse: Since the day President @realDonaldTrump took office, he has made reducing drug prices one of his top priorities. Now, the‚Ä¶
en	2018-10-25 18:55:43	316291124	BWGovernment	1055533382816460800	RT @MichelSidibe: H.E. Dr Mokgweetsi E.K. Masisi @OfficialMasisi:#Botswana üáßüáºstands ready to sprint the last mile to #EndAIDS as a public‚Ä¶
es	2018-10-25 18:51:26	213051585	SenadoGovCo	1055532301029916672	Senador @AGarciaZuccardi propone se realice un peque√±o experimento con la lista cerrada aplic√°ndola en votaciones de municipios y seg√∫n su resultado a nivel nacional. #ReformaPol√≠tica en #PlenariaSenado
es	2018-10-25 18:51:21	213051585	SenadoGovCo	1055532280268181504	RT @CastillaSenador: En la #Comisi√≥nVII del @SenadoGovCo tendremos este lunes el encuentro para hablar sobre las iniciativas legislativas p‚Ä¶
en	2018-10-25 18:42:33	822215679726100480	POTUS	1055530067441446912	RT @realDonaldTrump: Spoke with French President @EmmanuelMacron this morning. Discussed many topics including the very exciting upcoming v‚Ä¶
es	2018-10-25 18:36:33	42102939	GobiernodeChile	1055528558364426240	Una educaci√≥n de calidad no es posible sin espacios seguros para ense√±ar y aprender. La aprobaci√≥n del Proyecto de Ley #AulaSegura es un nuevo paso hacia una educaci√≥n libre de violencia üí™üèª https://t.co/cTvWfDGnSY
es	2018-10-25 18:36:19	213051585	SenadoGovCo	1055528497253437445	RT @PalomaValenciaL: Mi compromiso es con la justicia imparcial y con presunci√≥n de inocencia para los miembros de la Fuerza P√∫blica Segui‚Ä¶
es	2018-10-25 18:31:51	213051585	SenadoGovCo	1055527374677258241	RT @AnaPaolaAgudelo: #AudienciaPublica #MocoaC√≥moVamos: Con la Comisi√≥n Segunda @SenadoGovCo escuchamos las principales problem√°ticas, para‚Ä¶
es	2018-10-25 18:31:31	213051585	SenadoGovCo	1055527292364034049	RT @PaolaSenadora: #PlenariaSenado "Yo quiero estar al frente de lo que es el tema neur√°lgico de la #ReformaPol√≠tica y es si vamos a manten‚Ä¶
es	2018-10-25 19:34:53	213051585	SenadoGovCo	1055543236658372608	Presidente @ernestomaciast anuncia que se levanta la sesi√≥n #PlenariaSenado y es convocada para el lunes a las 3:00 p.m para continuar con proyecto de #ReformaPol√≠tica
en	2018-10-25 19:34:09	822215679726100480	POTUS	1055543051001753600	RT @WhiteHouse: President @realDonaldTrump is fighting to:‚úÖ Lower drug prices‚úÖ Lower premiums‚úÖ Protect Medicare https://t.co/k8EfNqKYb5
es	2018-10-25 19:33:37	213051585	SenadoGovCo	1055542916972720133	La @MinInterior  Nancy Patricia Gutierrez anuncia en #PlenariaSenado que el Gobierno tiene lista la reforma electoral.
es	2018-10-25 19:18:40	213051585	SenadoGovCo	1055539155512541184	RT @claudiacaste: En nuestro tercer d√≠a de debate en plenaria  de @SenadoGovCo  sobre reforma pol√≠tica estamos analizando la mejor alternat‚Ä¶
es	2018-10-25 19:16:39	213051585	SenadoGovCo	1055538650333745154	RT @charoguerra: Es maravilloso hacer pol√≠tica cuando hay orgullo de un partido que tiene principios y propuestas para el pueblo colombiano‚Ä¶
es	2018-10-25 19:16:06	213051585	SenadoGovCo	1055538511892353024	En #PlenariaSenado se suspende la votaci√≥n de la proposici√≥n modificatoria del art. 7 sobre la conformaci√≥n de las listas electorales, presentada por la @MinInterior
ar	2018-10-25 19:12:04	575765924	BahrainCPnews	1055537497361600514	ÿ≥ŸÖŸà ŸàŸÑŸä ÿßŸÑÿπŸáÿØ ÿßŸÑÿ£ŸÖŸäÿ± #ÿ≥ŸÑŸÖÿßŸÜ_ÿ®ŸÜ_ÿ≠ŸÖÿØ: ÿÆÿßŸÑÿµ ÿßŸÑÿπÿ≤ÿßÿ° ŸàÿßŸÑŸÖŸàÿßÿ≥ÿßÿ© ŸÑÿ£ÿÆŸä ÿ¨ŸÑÿßŸÑÿ© ÿßŸÑŸÖŸÑŸÉ ÿπÿ®ÿØÿßŸÑŸÑŸá ÿßŸÑÿ´ÿßŸÜŸä ŸàÿßŸÑÿ¥ÿπÿ® ÿßŸÑÿ£ÿ±ÿØŸÜŸä ÿßŸÑÿ¥ŸÇŸäŸÇ ŸÅŸä ŸÖÿµÿßÿ®ŸáŸÖ ÿßŸÑÿ£ŸÑŸäŸÖ. ŸÜÿ≥ÿ£ŸÑ ÿßŸÑŸÑŸá ÿßŸÑÿ±ÿ≠ŸÖÿ© ŸÑÿ∂ÿ≠ÿßŸäÿß ÿßŸÑÿ≥ŸäŸàŸÑ ŸàŸÑÿ£ŸáŸÑŸáŸÖ ÿßŸÑÿµÿ®ÿ± ŸàÿßŸÑÿ≥ŸÑŸàÿßŸÜ #ÿßŸÑÿ£ÿ±ÿØŸÜ #ÿßŸÑÿ®ÿ≠ÿ±ŸäŸÜ https://t.co/lhduIYnVHQ
es	2018-10-25 19:11:39	213051585	SenadoGovCo	1055537391283396608	En art. 7 de la #ReformaPol√≠tica en el 2023 todas las listas deben ser paritarias e intercaladas.
es	2018-10-25 19:10:41	213051585	SenadoGovCo	1055537145228738560	En art. 7 de la #ReformaPol√≠tica desde la elecci√≥n de 2019 se deber√° garantizar la participaci√≥n del 33% de mujeres en las listas. #PlenariaSenado
es	2018-10-25 19:09:16	213051585	SenadoGovCo	1055536790403211266	#PlenariaSenado vota proposici√≥n modificatoria del art. 7 sobre la conformaci√≥n de las listas electorales, presentada por la @MinInterior que plantea: 3-el mecanismo de recolecci√≥n de firmas no podr√° ser utilizado por quienes hayan militado en un partido el a√±o anterior.
es	2018-10-25 19:07:45	213051585	SenadoGovCo	1055536409119985664	#PlenariaSenado vota proposici√≥n modificatoria del art. 7 sobre la conformaci√≥n de las listas electorales, presentada por la @MinInterior que plantea: 2-Se realizar√°n en la misma fecha las primarias (consultas internas) de los partidos.
es	2018-10-25 19:06:03	213051585	SenadoGovCo	1055535982022410240	#PlenariaSenado vota proposici√≥n modificatoria del art. 7 sobre la conformaci√≥n de las listas electorales, presentada por la @MinInterior que plantea: 1-Los partidos y movimientos podr√°n inscribir candidatos en forma individual o coalici√≥n para las elecciones.
en	2018-10-25 19:05:40	822215679726100480	POTUS	1055535883779276800	RT @WhiteHouse: Thanks to a new law signed by President Trump, patients now have the right to know the lowest price for medicines at their‚Ä¶
en	2018-10-25 19:05:37	822215679726100480	POTUS	1055535871166988289	RT @WhiteHouse: Since the day President @realDonaldTrump took office, he has made reducing drug prices one of his top priorities. Now, the‚Ä¶
en	2018-10-25 18:55:43	316291124	BWGovernment	1055533382816460800	RT @MichelSidibe: H.E. Dr Mokgweetsi E.K. Masisi @OfficialMasisi:#Botswana üáßüáºstands ready to sprint the last mile to #EndAIDS as a public‚Ä¶
es	2018-10-25 18:51:26	213051585	SenadoGovCo	1055532301029916672	Senador @AGarciaZuccardi propone se realice un peque√±o experimento con la lista cerrada aplic√°ndola en votaciones de municipios y seg√∫n su resultado a nivel nacional. #ReformaPol√≠tica en #PlenariaSenado
es	2018-10-25 18:51:21	213051585	SenadoGovCo	1055532280268181504	RT @CastillaSenador: En la #Comisi√≥nVII del @SenadoGovCo tendremos este lunes el encuentro para hablar sobre las iniciativas legislativas p‚Ä¶
en	2018-10-25 18:42:33	822215679726100480	POTUS	1055530067441446912	RT @realDonaldTrump: Spoke with French President @EmmanuelMacron this morning. Discussed many topics including the very exciting upcoming v‚Ä¶
es	2018-10-25 18:36:33	42102939	GobiernodeChile	1055528558364426240	Una educaci√≥n de calidad no es posible sin espacios seguros para ense√±ar y aprender. La aprobaci√≥n del Proyecto de Ley #AulaSegura es un nuevo paso hacia una educaci√≥n libre de violencia üí™üèª https://t.co/cTvWfDGnSY
es	2018-10-25 18:36:19	213051585	SenadoGovCo	1055528497253437445	RT @PalomaValenciaL: Mi compromiso es con la justicia imparcial y con presunci√≥n de inocencia para los miembros de la Fuerza P√∫blica Segui‚Ä¶
es	2018-10-25 19:57:55	213051585	SenadoGovCo	1055549034537123841	RT @NoticieroSenado: El Gobierno Nacional  y  el @SenadoGovCo  promueven programa que busca incentivar la participaci√≥n de las mujeres en p‚Ä¶
es	2018-10-25 19:53:54	213051585	SenadoGovCo	1055548021906292736	RT @AndresCristoB: Hoy, las listas abiertas fomentan la participaci√≥n individualista de sus candidatos. Las listas cerradas crean verdadero‚Ä¶
es	2018-10-25 19:46:51	213051585	SenadoGovCo	1055546249150115843	RT @AnaPaolaAgudelo: #MocoaC√≥moVamos: "Voy hacer mi mejor esfuerzo para hacer una gerencia comunitaria y que la reconstrucci√≥n en Mocoa ava‚Ä¶
es	2018-10-25 19:34:53	213051585	SenadoGovCo	1055543236658372608	Presidente @ernestomaciast anuncia que se levanta la sesi√≥n #PlenariaSenado y es convocada para el lunes a las 3:00 p.m para continuar con proyecto de #ReformaPol√≠tica
en	2018-10-25 19:34:09	822215679726100480	POTUS	1055543051001753600	RT @WhiteHouse: President @realDonaldTrump is fighting to:‚úÖ Lower drug prices‚úÖ Lower premiums‚úÖ Protect Medicare https://t.co/k8EfNqKYb5
es	2018-10-25 19:33:37	213051585	SenadoGovCo	1055542916972720133	La @MinInterior  Nancy Patricia Gutierrez anuncia en #PlenariaSenado que el Gobierno tiene lista la reforma electoral.
es	2018-10-25 19:18:40	213051585	SenadoGovCo	1055539155512541184	RT @claudiacaste: En nuestro tercer d√≠a de debate en plenaria  de @SenadoGovCo  sobre reforma pol√≠tica estamos analizando la mejor alternat‚Ä¶
es	2018-10-25 19:16:39	213051585	SenadoGovCo	1055538650333745154	RT @charoguerra: Es maravilloso hacer pol√≠tica cuando hay orgullo de un partido que tiene principios y propuestas para el pueblo colombiano‚Ä¶
es	2018-10-25 19:16:06	213051585	SenadoGovCo	1055538511892353024	En #PlenariaSenado se suspende la votaci√≥n de la proposici√≥n modificatoria del art. 7 sobre la conformaci√≥n de las listas electorales, presentada por la @MinInterior
ar	2018-10-25 19:12:04	575765924	BahrainCPnews	1055537497361600514	ÿ≥ŸÖŸà ŸàŸÑŸä ÿßŸÑÿπŸáÿØ ÿßŸÑÿ£ŸÖŸäÿ± #ÿ≥ŸÑŸÖÿßŸÜ_ÿ®ŸÜ_ÿ≠ŸÖÿØ: ÿÆÿßŸÑÿµ ÿßŸÑÿπÿ≤ÿßÿ° ŸàÿßŸÑŸÖŸàÿßÿ≥ÿßÿ© ŸÑÿ£ÿÆŸä ÿ¨ŸÑÿßŸÑÿ© ÿßŸÑŸÖŸÑŸÉ ÿπÿ®ÿØÿßŸÑŸÑŸá ÿßŸÑÿ´ÿßŸÜŸä ŸàÿßŸÑÿ¥ÿπÿ® ÿßŸÑÿ£ÿ±ÿØŸÜŸä ÿßŸÑÿ¥ŸÇŸäŸÇ ŸÅŸä ŸÖÿµÿßÿ®ŸáŸÖ ÿßŸÑÿ£ŸÑŸäŸÖ. ŸÜÿ≥ÿ£ŸÑ ÿßŸÑŸÑŸá ÿßŸÑÿ±ÿ≠ŸÖÿ© ŸÑÿ∂ÿ≠ÿßŸäÿß ÿßŸÑÿ≥ŸäŸàŸÑ ŸàŸÑÿ£ŸáŸÑŸáŸÖ ÿßŸÑÿµÿ®ÿ± ŸàÿßŸÑÿ≥ŸÑŸàÿßŸÜ #ÿßŸÑÿ£ÿ±ÿØŸÜ #ÿßŸÑÿ®ÿ≠ÿ±ŸäŸÜ https://t.co/lhduIYnVHQ
es	2018-10-25 19:11:39	213051585	SenadoGovCo	1055537391283396608	En art. 7 de la #ReformaPol√≠tica en el 2023 todas las listas deben ser paritarias e intercaladas.
es	2018-10-25 19:10:41	213051585	SenadoGovCo	1055537145228738560	En art. 7 de la #ReformaPol√≠tica desde la elecci√≥n de 2019 se deber√° garantizar la participaci√≥n del 33% de mujeres en las listas. #PlenariaSenado
es	2018-10-25 19:09:16	213051585	SenadoGovCo	1055536790403211266	#PlenariaSenado vota proposici√≥n modificatoria del art. 7 sobre la conformaci√≥n de las listas electorales, presentada por la @MinInterior que plantea: 3-el mecanismo de recolecci√≥n de firmas no podr√° ser utilizado por quienes hayan militado en un partido el a√±o anterior.
es	2018-10-25 19:07:45	213051585	SenadoGovCo	1055536409119985664	#PlenariaSenado vota proposici√≥n modificatoria del art. 7 sobre la conformaci√≥n de las listas electorales, presentada por la @MinInterior que plantea: 2-Se realizar√°n en la misma fecha las primarias (consultas internas) de los partidos.
es	2018-10-25 19:06:03	213051585	SenadoGovCo	1055535982022410240	#PlenariaSenado vota proposici√≥n modificatoria del art. 7 sobre la conformaci√≥n de las listas electorales, presentada por la @MinInterior que plantea: 1-Los partidos y movimientos podr√°n inscribir candidatos en forma individual o coalici√≥n para las elecciones.
en	2018-10-25 19:05:40	822215679726100480	POTUS	1055535883779276800	RT @WhiteHouse: Thanks to a new law signed by President Trump, patients now have the right to know the lowest price for medicines at their‚Ä¶
en	2018-10-25 19:05:37	822215679726100480	POTUS	1055535871166988289	RT @WhiteHouse: Since the day President @realDonaldTrump took office, he has made reducing drug prices one of his top priorities. Now, the‚Ä¶
en	2018-10-25 18:55:43	316291124	BWGovernment	1055533382816460800	RT @MichelSidibe: H.E. Dr Mokgweetsi E.K. Masisi @OfficialMasisi:#Botswana üáßüáºstands ready to sprint the last mile to #EndAIDS as a public‚Ä¶
es	2018-10-25 18:51:26	213051585	SenadoGovCo	1055532301029916672	Senador @AGarciaZuccardi propone se realice un peque√±o experimento con la lista cerrada aplic√°ndola en votaciones de municipios y seg√∫n su resultado a nivel nacional. #ReformaPol√≠tica en #PlenariaSenado
es	2018-10-25 18:51:21	213051585	SenadoGovCo	1055532280268181504	RT @CastillaSenador: En la #Comisi√≥nVII del @SenadoGovCo tendremos este lunes el encuentro para hablar sobre las iniciativas legislativas p‚Ä¶
es	2018-10-25 20:12:54	262398126	CancilleriaCol	1055552804608241665	#Video del entrenamiento de #Voleibol sentado que realizaron las j√≥venes de @GuajiraLRG con la @FundArcangeles y el @IDRD #DiplomaciaDeportiva rumbo a #Jap√≥n https://t.co/M5wL1r0bfQ
es	2018-10-25 20:12:32	262398126	CancilleriaCol	1055552714195787778	En Video: testimonio de joven deportista de @GuajiraLRG sobre entrenamiento de #Voleibol sentado con @FundArcangeles #DiplomaciaDeportiva rumbo a #Jap√≥n @IDRD https://t.co/rK7oGNsEEh
es	2018-10-25 20:11:47	262398126	CancilleriaCol	1055552522864214016	J√≥venes de la @GuajiraLRG aprendieron de #Voleibol sentado gracias a la @FundArcangeles durante actividades previas al intercambio de #DiplomaciaDeportiva en #Jap√≥n @IDRD https://t.co/I8CTrzSVxa
es	2018-10-25 20:10:20	262398126	CancilleriaCol	1055552157691379712	El presidente Iv√°n Duque M√°rquez y el Canciller Carlos Holmes Trujillo, tuvieron una reuni√≥n con el Secretario de Estado del Vaticano, Pietro Parolin https://t.co/v6HIqXGinr https://t.co/F55s6NqvmW
es	2018-10-25 20:04:16	262398126	CancilleriaCol	1055550630981484546	¬øQu√© normas y tr√°mites le parecen innecesarios? Ingrese a https://t.co/3nWo9leKl1 y cu√©ntenos. #Colombia√Ågil https://t.co/rX6GvIeMTy
es	2018-10-25 19:57:55	213051585	SenadoGovCo	1055549034537123841	RT @NoticieroSenado: El Gobierno Nacional  y  el @SenadoGovCo  promueven programa que busca incentivar la participaci√≥n de las mujeres en p‚Ä¶
es	2018-10-25 19:53:54	213051585	SenadoGovCo	1055548021906292736	RT @AndresCristoB: Hoy, las listas abiertas fomentan la participaci√≥n individualista de sus candidatos. Las listas cerradas crean verdadero‚Ä¶
es	2018-10-25 19:46:51	213051585	SenadoGovCo	1055546249150115843	RT @AnaPaolaAgudelo: #MocoaC√≥moVamos: "Voy hacer mi mejor esfuerzo para hacer una gerencia comunitaria y que la reconstrucci√≥n en Mocoa ava‚Ä¶
es	2018-10-25 19:34:53	213051585	SenadoGovCo	1055543236658372608	Presidente @ernestomaciast anuncia que se levanta la sesi√≥n #PlenariaSenado y es convocada para el lunes a las 3:00 p.m para continuar con proyecto de #ReformaPol√≠tica
en	2018-10-25 19:34:09	822215679726100480	POTUS	1055543051001753600	RT @WhiteHouse: President @realDonaldTrump is fighting to:‚úÖ Lower drug prices‚úÖ Lower premiums‚úÖ Protect Medicare https://t.co/k8EfNqKYb5
es	2018-10-25 19:33:37	213051585	SenadoGovCo	1055542916972720133	La @MinInterior  Nancy Patricia Gutierrez anuncia en #PlenariaSenado que el Gobierno tiene lista la reforma electoral.
es	2018-10-25 19:18:40	213051585	SenadoGovCo	1055539155512541184	RT @claudiacaste: En nuestro tercer d√≠a de debate en plenaria  de @SenadoGovCo  sobre reforma pol√≠tica estamos analizando la mejor alternat‚Ä¶
es	2018-10-25 19:16:39	213051585	SenadoGovCo	1055538650333745154	RT @charoguerra: Es maravilloso hacer pol√≠tica cuando hay orgullo de un partido que tiene principios y propuestas para el pueblo colombiano‚Ä¶
es	2018-10-25 19:16:06	213051585	SenadoGovCo	1055538511892353024	En #PlenariaSenado se suspende la votaci√≥n de la proposici√≥n modificatoria del art. 7 sobre la conformaci√≥n de las listas electorales, presentada por la @MinInterior
ar	2018-10-25 19:12:04	575765924	BahrainCPnews	1055537497361600514	ÿ≥ŸÖŸà ŸàŸÑŸä ÿßŸÑÿπŸáÿØ ÿßŸÑÿ£ŸÖŸäÿ± #ÿ≥ŸÑŸÖÿßŸÜ_ÿ®ŸÜ_ÿ≠ŸÖÿØ: ÿÆÿßŸÑÿµ ÿßŸÑÿπÿ≤ÿßÿ° ŸàÿßŸÑŸÖŸàÿßÿ≥ÿßÿ© ŸÑÿ£ÿÆŸä ÿ¨ŸÑÿßŸÑÿ© ÿßŸÑŸÖŸÑŸÉ ÿπÿ®ÿØÿßŸÑŸÑŸá ÿßŸÑÿ´ÿßŸÜŸä ŸàÿßŸÑÿ¥ÿπÿ® ÿßŸÑÿ£ÿ±ÿØŸÜŸä ÿßŸÑÿ¥ŸÇŸäŸÇ ŸÅŸä ŸÖÿµÿßÿ®ŸáŸÖ ÿßŸÑÿ£ŸÑŸäŸÖ. ŸÜÿ≥ÿ£ŸÑ ÿßŸÑŸÑŸá ÿßŸÑÿ±ÿ≠ŸÖÿ© ŸÑÿ∂ÿ≠ÿßŸäÿß ÿßŸÑÿ≥ŸäŸàŸÑ ŸàŸÑÿ£ŸáŸÑŸáŸÖ ÿßŸÑÿµÿ®ÿ± ŸàÿßŸÑÿ≥ŸÑŸàÿßŸÜ #ÿßŸÑÿ£ÿ±ÿØŸÜ #ÿßŸÑÿ®ÿ≠ÿ±ŸäŸÜ https://t.co/lhduIYnVHQ
es	2018-10-25 19:11:39	213051585	SenadoGovCo	1055537391283396608	En art. 7 de la #ReformaPol√≠tica en el 2023 todas las listas deben ser paritarias e intercaladas.
es	2018-10-25 19:10:41	213051585	SenadoGovCo	1055537145228738560	En art. 7 de la #ReformaPol√≠tica desde la elecci√≥n de 2019 se deber√° garantizar la participaci√≥n del 33% de mujeres en las listas. #PlenariaSenado
es	2018-10-25 19:09:16	213051585	SenadoGovCo	1055536790403211266	#PlenariaSenado vota proposici√≥n modificatoria del art. 7 sobre la conformaci√≥n de las listas electorales, presentada por la @MinInterior que plantea: 3-el mecanismo de recolecci√≥n de firmas no podr√° ser utilizado por quienes hayan militado en un partido el a√±o anterior.
es	2018-10-25 19:07:45	213051585	SenadoGovCo	1055536409119985664	#PlenariaSenado vota proposici√≥n modificatoria del art. 7 sobre la conformaci√≥n de las listas electorales, presentada por la @MinInterior que plantea: 2-Se realizar√°n en la misma fecha las primarias (consultas internas) de los partidos.
es	2018-10-25 19:06:03	213051585	SenadoGovCo	1055535982022410240	#PlenariaSenado vota proposici√≥n modificatoria del art. 7 sobre la conformaci√≥n de las listas electorales, presentada por la @MinInterior que plantea: 1-Los partidos y movimientos podr√°n inscribir candidatos en forma individual o coalici√≥n para las elecciones.
es	2018-10-25 20:28:50	262398126	CancilleriaCol	1055556815583432704	#ColombianosEnPanam√° Consulado en Ciudad de Panam√° realizar√° encuentro en homenaje a las v√≠ctimas del conflicto armado el 17 de noviembre https://t.co/7Dz0ZA0osK https://t.co/BFAxU2joYb
es	2018-10-25 20:15:00	262398126	CancilleriaCol	1055553331500851200	RT @ColombiaNosUne: üì£Programa #ColombiaNosUne de la Direcci√≥n de Asuntos Migratorios y Consulares de @CancilleriaCol, con apoyo de @OIMColo‚Ä¶
es	2018-10-25 20:12:54	262398126	CancilleriaCol	1055552804608241665	#Video del entrenamiento de #Voleibol sentado que realizaron las j√≥venes de @GuajiraLRG con la @FundArcangeles y el @IDRD #DiplomaciaDeportiva rumbo a #Jap√≥n https://t.co/M5wL1r0bfQ
es	2018-10-25 20:12:32	262398126	CancilleriaCol	1055552714195787778	En Video: testimonio de joven deportista de @GuajiraLRG sobre entrenamiento de #Voleibol sentado con @FundArcangeles #DiplomaciaDeportiva rumbo a #Jap√≥n @IDRD https://t.co/rK7oGNsEEh
es	2018-10-25 20:11:47	262398126	CancilleriaCol	1055552522864214016	J√≥venes de la @GuajiraLRG aprendieron de #Voleibol sentado gracias a la @FundArcangeles durante actividades previas al intercambio de #DiplomaciaDeportiva en #Jap√≥n @IDRD https://t.co/I8CTrzSVxa
es	2018-10-25 20:10:20	262398126	CancilleriaCol	1055552157691379712	El presidente Iv√°n Duque M√°rquez y el Canciller Carlos Holmes Trujillo, tuvieron una reuni√≥n con el Secretario de Estado del Vaticano, Pietro Parolin https://t.co/v6HIqXGinr https://t.co/F55s6NqvmW
es	2018-10-25 20:04:16	262398126	CancilleriaCol	1055550630981484546	¬øQu√© normas y tr√°mites le parecen innecesarios? Ingrese a https://t.co/3nWo9leKl1 y cu√©ntenos. #Colombia√Ågil https://t.co/rX6GvIeMTy
es	2018-10-25 19:57:55	213051585	SenadoGovCo	1055549034537123841	RT @NoticieroSenado: El Gobierno Nacional  y  el @SenadoGovCo  promueven programa que busca incentivar la participaci√≥n de las mujeres en p‚Ä¶
es	2018-10-25 19:53:54	213051585	SenadoGovCo	1055548021906292736	RT @AndresCristoB: Hoy, las listas abiertas fomentan la participaci√≥n individualista de sus candidatos. Las listas cerradas crean verdadero‚Ä¶
es	2018-10-25 19:46:51	213051585	SenadoGovCo	1055546249150115843	RT @AnaPaolaAgudelo: #MocoaC√≥moVamos: "Voy hacer mi mejor esfuerzo para hacer una gerencia comunitaria y que la reconstrucci√≥n en Mocoa ava‚Ä¶
es	2018-10-25 19:34:53	213051585	SenadoGovCo	1055543236658372608	Presidente @ernestomaciast anuncia que se levanta la sesi√≥n #PlenariaSenado y es convocada para el lunes a las 3:00 p.m para continuar con proyecto de #ReformaPol√≠tica
en	2018-10-25 19:34:09	822215679726100480	POTUS	1055543051001753600	RT @WhiteHouse: President @realDonaldTrump is fighting to:‚úÖ Lower drug prices‚úÖ Lower premiums‚úÖ Protect Medicare https://t.co/k8EfNqKYb5
es	2018-10-25 19:33:37	213051585	SenadoGovCo	1055542916972720133	La @MinInterior  Nancy Patricia Gutierrez anuncia en #PlenariaSenado que el Gobierno tiene lista la reforma electoral.
es	2018-10-25 19:18:40	213051585	SenadoGovCo	1055539155512541184	RT @claudiacaste: En nuestro tercer d√≠a de debate en plenaria  de @SenadoGovCo  sobre reforma pol√≠tica estamos analizando la mejor alternat‚Ä¶
es	2018-10-25 19:16:39	213051585	SenadoGovCo	1055538650333745154	RT @charoguerra: Es maravilloso hacer pol√≠tica cuando hay orgullo de un partido que tiene principios y propuestas para el pueblo colombiano‚Ä¶
es	2018-10-25 19:16:06	213051585	SenadoGovCo	1055538511892353024	En #PlenariaSenado se suspende la votaci√≥n de la proposici√≥n modificatoria del art. 7 sobre la conformaci√≥n de las listas electorales, presentada por la @MinInterior
ar	2018-10-25 19:12:04	575765924	BahrainCPnews	1055537497361600514	ÿ≥ŸÖŸà ŸàŸÑŸä ÿßŸÑÿπŸáÿØ ÿßŸÑÿ£ŸÖŸäÿ± #ÿ≥ŸÑŸÖÿßŸÜ_ÿ®ŸÜ_ÿ≠ŸÖÿØ: ÿÆÿßŸÑÿµ ÿßŸÑÿπÿ≤ÿßÿ° ŸàÿßŸÑŸÖŸàÿßÿ≥ÿßÿ© ŸÑÿ£ÿÆŸä ÿ¨ŸÑÿßŸÑÿ© ÿßŸÑŸÖŸÑŸÉ ÿπÿ®ÿØÿßŸÑŸÑŸá ÿßŸÑÿ´ÿßŸÜŸä ŸàÿßŸÑÿ¥ÿπÿ® ÿßŸÑÿ£ÿ±ÿØŸÜŸä ÿßŸÑÿ¥ŸÇŸäŸÇ ŸÅŸä ŸÖÿµÿßÿ®ŸáŸÖ ÿßŸÑÿ£ŸÑŸäŸÖ. ŸÜÿ≥ÿ£ŸÑ ÿßŸÑŸÑŸá ÿßŸÑÿ±ÿ≠ŸÖÿ© ŸÑÿ∂ÿ≠ÿßŸäÿß ÿßŸÑÿ≥ŸäŸàŸÑ ŸàŸÑÿ£ŸáŸÑŸáŸÖ ÿßŸÑÿµÿ®ÿ± ŸàÿßŸÑÿ≥ŸÑŸàÿßŸÜ #ÿßŸÑÿ£ÿ±ÿØŸÜ #ÿßŸÑÿ®ÿ≠ÿ±ŸäŸÜ https://t.co/lhduIYnVHQ
es	2018-10-25 19:11:39	213051585	SenadoGovCo	1055537391283396608	En art. 7 de la #ReformaPol√≠tica en el 2023 todas las listas deben ser paritarias e intercaladas.
es	2018-10-25 19:10:41	213051585	SenadoGovCo	1055537145228738560	En art. 7 de la #ReformaPol√≠tica desde la elecci√≥n de 2019 se deber√° garantizar la participaci√≥n del 33% de mujeres en las listas. #PlenariaSenado
es	2018-10-25 19:09:16	213051585	SenadoGovCo	1055536790403211266	#PlenariaSenado vota proposici√≥n modificatoria del art. 7 sobre la conformaci√≥n de las listas electorales, presentada por la @MinInterior que plantea: 3-el mecanismo de recolecci√≥n de firmas no podr√° ser utilizado por quienes hayan militado en un partido el a√±o anterior.
es	2018-10-25 20:38:11	213051585	SenadoGovCo	1055559165463158785	Finaliza la audiencia p√∫blica #MocoaC√≥moVamos realizada por la #Comisi√≥nII con la intervenci√≥n de la senadora @AnaPaolaAgudelo https://t.co/cs5g5nCaWb
es	2018-10-25 20:28:50	262398126	CancilleriaCol	1055556815583432704	#ColombianosEnPanam√° Consulado en Ciudad de Panam√° realizar√° encuentro en homenaje a las v√≠ctimas del conflicto armado el 17 de noviembre https://t.co/7Dz0ZA0osK https://t.co/BFAxU2joYb
es	2018-10-25 20:15:00	262398126	CancilleriaCol	1055553331500851200	RT @ColombiaNosUne: üì£Programa #ColombiaNosUne de la Direcci√≥n de Asuntos Migratorios y Consulares de @CancilleriaCol, con apoyo de @OIMColo‚Ä¶
es	2018-10-25 20:12:54	262398126	CancilleriaCol	1055552804608241665	#Video del entrenamiento de #Voleibol sentado que realizaron las j√≥venes de @GuajiraLRG con la @FundArcangeles y el @IDRD #DiplomaciaDeportiva rumbo a #Jap√≥n https://t.co/M5wL1r0bfQ
es	2018-10-25 20:12:32	262398126	CancilleriaCol	1055552714195787778	En Video: testimonio de joven deportista de @GuajiraLRG sobre entrenamiento de #Voleibol sentado con @FundArcangeles #DiplomaciaDeportiva rumbo a #Jap√≥n @IDRD https://t.co/rK7oGNsEEh
es	2018-10-25 20:11:47	262398126	CancilleriaCol	1055552522864214016	J√≥venes de la @GuajiraLRG aprendieron de #Voleibol sentado gracias a la @FundArcangeles durante actividades previas al intercambio de #DiplomaciaDeportiva en #Jap√≥n @IDRD https://t.co/I8CTrzSVxa
es	2018-10-25 20:10:20	262398126	CancilleriaCol	1055552157691379712	El presidente Iv√°n Duque M√°rquez y el Canciller Carlos Holmes Trujillo, tuvieron una reuni√≥n con el Secretario de Estado del Vaticano, Pietro Parolin https://t.co/v6HIqXGinr https://t.co/F55s6NqvmW
es	2018-10-25 20:04:16	262398126	CancilleriaCol	1055550630981484546	¬øQu√© normas y tr√°mites le parecen innecesarios? Ingrese a https://t.co/3nWo9leKl1 y cu√©ntenos. #Colombia√Ågil https://t.co/rX6GvIeMTy
es	2018-10-25 19:57:55	213051585	SenadoGovCo	1055549034537123841	RT @NoticieroSenado: El Gobierno Nacional  y  el @SenadoGovCo  promueven programa que busca incentivar la participaci√≥n de las mujeres en p‚Ä¶
es	2018-10-25 19:53:54	213051585	SenadoGovCo	1055548021906292736	RT @AndresCristoB: Hoy, las listas abiertas fomentan la participaci√≥n individualista de sus candidatos. Las listas cerradas crean verdadero‚Ä¶
es	2018-10-25 19:46:51	213051585	SenadoGovCo	1055546249150115843	RT @AnaPaolaAgudelo: #MocoaC√≥moVamos: "Voy hacer mi mejor esfuerzo para hacer una gerencia comunitaria y que la reconstrucci√≥n en Mocoa ava‚Ä¶
es	2018-10-25 19:34:53	213051585	SenadoGovCo	1055543236658372608	Presidente @ernestomaciast anuncia que se levanta la sesi√≥n #PlenariaSenado y es convocada para el lunes a las 3:00 p.m para continuar con proyecto de #ReformaPol√≠tica
en	2018-10-25 19:34:09	822215679726100480	POTUS	1055543051001753600	RT @WhiteHouse: President @realDonaldTrump is fighting to:‚úÖ Lower drug prices‚úÖ Lower premiums‚úÖ Protect Medicare https://t.co/k8EfNqKYb5
es	2018-10-25 19:33:37	213051585	SenadoGovCo	1055542916972720133	La @MinInterior  Nancy Patricia Gutierrez anuncia en #PlenariaSenado que el Gobierno tiene lista la reforma electoral.
es	2018-10-25 19:18:40	213051585	SenadoGovCo	1055539155512541184	RT @claudiacaste: En nuestro tercer d√≠a de debate en plenaria  de @SenadoGovCo  sobre reforma pol√≠tica estamos analizando la mejor alternat‚Ä¶
es	2018-10-25 19:16:39	213051585	SenadoGovCo	1055538650333745154	RT @charoguerra: Es maravilloso hacer pol√≠tica cuando hay orgullo de un partido que tiene principios y propuestas para el pueblo colombiano‚Ä¶
es	2018-10-25 19:16:06	213051585	SenadoGovCo	1055538511892353024	En #PlenariaSenado se suspende la votaci√≥n de la proposici√≥n modificatoria del art. 7 sobre la conformaci√≥n de las listas electorales, presentada por la @MinInterior
ar	2018-10-25 19:12:04	575765924	BahrainCPnews	1055537497361600514	ÿ≥ŸÖŸà ŸàŸÑŸä ÿßŸÑÿπŸáÿØ ÿßŸÑÿ£ŸÖŸäÿ± #ÿ≥ŸÑŸÖÿßŸÜ_ÿ®ŸÜ_ÿ≠ŸÖÿØ: ÿÆÿßŸÑÿµ ÿßŸÑÿπÿ≤ÿßÿ° ŸàÿßŸÑŸÖŸàÿßÿ≥ÿßÿ© ŸÑÿ£ÿÆŸä ÿ¨ŸÑÿßŸÑÿ© ÿßŸÑŸÖŸÑŸÉ ÿπÿ®ÿØÿßŸÑŸÑŸá ÿßŸÑÿ´ÿßŸÜŸä ŸàÿßŸÑÿ¥ÿπÿ® ÿßŸÑÿ£ÿ±ÿØŸÜŸä ÿßŸÑÿ¥ŸÇŸäŸÇ ŸÅŸä ŸÖÿµÿßÿ®ŸáŸÖ ÿßŸÑÿ£ŸÑŸäŸÖ. ŸÜÿ≥ÿ£ŸÑ ÿßŸÑŸÑŸá ÿßŸÑÿ±ÿ≠ŸÖÿ© ŸÑÿ∂ÿ≠ÿßŸäÿß ÿßŸÑÿ≥ŸäŸàŸÑ ŸàŸÑÿ£ŸáŸÑŸáŸÖ ÿßŸÑÿµÿ®ÿ± ŸàÿßŸÑÿ≥ŸÑŸàÿßŸÜ #ÿßŸÑÿ£ÿ±ÿØŸÜ #ÿßŸÑÿ®ÿ≠ÿ±ŸäŸÜ https://t.co/lhduIYnVHQ
es	2018-10-25 19:11:39	213051585	SenadoGovCo	1055537391283396608	En art. 7 de la #ReformaPol√≠tica en el 2023 todas las listas deben ser paritarias e intercaladas.
es	2018-10-25 19:10:41	213051585	SenadoGovCo	1055537145228738560	En art. 7 de la #ReformaPol√≠tica desde la elecci√≥n de 2019 se deber√° garantizar la participaci√≥n del 33% de mujeres en las listas. #PlenariaSenado
es	2018-10-25 20:38:11	213051585	SenadoGovCo	1055559165463158785	Finaliza la audiencia p√∫blica #MocoaC√≥moVamos realizada por la #Comisi√≥nII con la intervenci√≥n de la senadora @AnaPaolaAgudelo https://t.co/cs5g5nCaWb
es	2018-10-25 20:28:50	262398126	CancilleriaCol	1055556815583432704	#ColombianosEnPanam√° Consulado en Ciudad de Panam√° realizar√° encuentro en homenaje a las v√≠ctimas del conflicto armado el 17 de noviembre https://t.co/7Dz0ZA0osK https://t.co/BFAxU2joYb
es	2018-10-25 20:15:00	262398126	CancilleriaCol	1055553331500851200	RT @ColombiaNosUne: üì£Programa #ColombiaNosUne de la Direcci√≥n de Asuntos Migratorios y Consulares de @CancilleriaCol, con apoyo de @OIMColo‚Ä¶
es	2018-10-25 20:12:54	262398126	CancilleriaCol	1055552804608241665	#Video del entrenamiento de #Voleibol sentado que realizaron las j√≥venes de @GuajiraLRG con la @FundArcangeles y el @IDRD #DiplomaciaDeportiva rumbo a #Jap√≥n https://t.co/M5wL1r0bfQ
es	2018-10-25 20:12:32	262398126	CancilleriaCol	1055552714195787778	En Video: testimonio de joven deportista de @GuajiraLRG sobre entrenamiento de #Voleibol sentado con @FundArcangeles #DiplomaciaDeportiva rumbo a #Jap√≥n @IDRD https://t.co/rK7oGNsEEh
es	2018-10-25 20:11:47	262398126	CancilleriaCol	1055552522864214016	J√≥venes de la @GuajiraLRG aprendieron de #Voleibol sentado gracias a la @FundArcangeles durante actividades previas al intercambio de #DiplomaciaDeportiva en #Jap√≥n @IDRD https://t.co/I8CTrzSVxa
es	2018-10-25 20:10:20	262398126	CancilleriaCol	1055552157691379712	El presidente Iv√°n Duque M√°rquez y el Canciller Carlos Holmes Trujillo, tuvieron una reuni√≥n con el Secretario de Estado del Vaticano, Pietro Parolin https://t.co/v6HIqXGinr https://t.co/F55s6NqvmW
es	2018-10-25 20:04:16	262398126	CancilleriaCol	1055550630981484546	¬øQu√© normas y tr√°mites le parecen innecesarios? Ingrese a https://t.co/3nWo9leKl1 y cu√©ntenos. #Colombia√Ågil https://t.co/rX6GvIeMTy
es	2018-10-25 19:57:55	213051585	SenadoGovCo	1055549034537123841	RT @NoticieroSenado: El Gobierno Nacional  y  el @SenadoGovCo  promueven programa que busca incentivar la participaci√≥n de las mujeres en p‚Ä¶
es	2018-10-25 19:53:54	213051585	SenadoGovCo	1055548021906292736	RT @AndresCristoB: Hoy, las listas abiertas fomentan la participaci√≥n individualista de sus candidatos. Las listas cerradas crean verdadero‚Ä¶
es	2018-10-25 19:46:51	213051585	SenadoGovCo	1055546249150115843	RT @AnaPaolaAgudelo: #MocoaC√≥moVamos: "Voy hacer mi mejor esfuerzo para hacer una gerencia comunitaria y que la reconstrucci√≥n en Mocoa ava‚Ä¶
es	2018-10-25 19:34:53	213051585	SenadoGovCo	1055543236658372608	Presidente @ernestomaciast anuncia que se levanta la sesi√≥n #PlenariaSenado y es convocada para el lunes a las 3:00 p.m para continuar con proyecto de #ReformaPol√≠tica
en	2018-10-25 19:34:09	822215679726100480	POTUS	1055543051001753600	RT @WhiteHouse: President @realDonaldTrump is fighting to:‚úÖ Lower drug prices‚úÖ Lower premiums‚úÖ Protect Medicare https://t.co/k8EfNqKYb5
es	2018-10-25 19:33:37	213051585	SenadoGovCo	1055542916972720133	La @MinInterior  Nancy Patricia Gutierrez anuncia en #PlenariaSenado que el Gobierno tiene lista la reforma electoral.
es	2018-10-25 19:18:40	213051585	SenadoGovCo	1055539155512541184	RT @claudiacaste: En nuestro tercer d√≠a de debate en plenaria  de @SenadoGovCo  sobre reforma pol√≠tica estamos analizando la mejor alternat‚Ä¶
es	2018-10-25 19:16:39	213051585	SenadoGovCo	1055538650333745154	RT @charoguerra: Es maravilloso hacer pol√≠tica cuando hay orgullo de un partido que tiene principios y propuestas para el pueblo colombiano‚Ä¶
es	2018-10-25 19:16:06	213051585	SenadoGovCo	1055538511892353024	En #PlenariaSenado se suspende la votaci√≥n de la proposici√≥n modificatoria del art. 7 sobre la conformaci√≥n de las listas electorales, presentada por la @MinInterior
ar	2018-10-25 19:12:04	575765924	BahrainCPnews	1055537497361600514	ÿ≥ŸÖŸà ŸàŸÑŸä ÿßŸÑÿπŸáÿØ ÿßŸÑÿ£ŸÖŸäÿ± #ÿ≥ŸÑŸÖÿßŸÜ_ÿ®ŸÜ_ÿ≠ŸÖÿØ: ÿÆÿßŸÑÿµ ÿßŸÑÿπÿ≤ÿßÿ° ŸàÿßŸÑŸÖŸàÿßÿ≥ÿßÿ© ŸÑÿ£ÿÆŸä ÿ¨ŸÑÿßŸÑÿ© ÿßŸÑŸÖŸÑŸÉ ÿπÿ®ÿØÿßŸÑŸÑŸá ÿßŸÑÿ´ÿßŸÜŸä ŸàÿßŸÑÿ¥ÿπÿ® ÿßŸÑÿ£ÿ±ÿØŸÜŸä ÿßŸÑÿ¥ŸÇŸäŸÇ ŸÅŸä ŸÖÿµÿßÿ®ŸáŸÖ ÿßŸÑÿ£ŸÑŸäŸÖ. ŸÜÿ≥ÿ£ŸÑ ÿßŸÑŸÑŸá ÿßŸÑÿ±ÿ≠ŸÖÿ© ŸÑÿ∂ÿ≠ÿßŸäÿß ÿßŸÑÿ≥ŸäŸàŸÑ ŸàŸÑÿ£ŸáŸÑŸáŸÖ ÿßŸÑÿµÿ®ÿ± ŸàÿßŸÑÿ≥ŸÑŸàÿßŸÜ #ÿßŸÑÿ£ÿ±ÿØŸÜ #ÿßŸÑÿ®ÿ≠ÿ±ŸäŸÜ https://t.co/lhduIYnVHQ
es	2018-10-25 19:11:39	213051585	SenadoGovCo	1055537391283396608	En art. 7 de la #ReformaPol√≠tica en el 2023 todas las listas deben ser paritarias e intercaladas.
